avg-type,precision,accuracy,recall
micro,0.3500869,0.8375217,0.9071553
macro,0.1201411,0.5942926,0.1223711
